run,episodes_logged,reward_mean,reward_max,length_mean,length_max,lines_mean,lines_max
tetris-a2c-explorer-7,124,3.431547734045213,5.010992050170898,84.70967741935483,103.0,0.08064516129032258,1.0
tetris-a2c-survivor-7,155,3.4403829297711774,5.37739372253418,72.3741935483871,110.0,0.05161290322580645,1.0
tetris-ppo-explorer-7,31,3.3365969196442635,5.010992050170898,90.41935483870968,103.0,0.12903225806451613,1.0
tetris-ppo-survivor-7,217,3.3909504556436145,5.087392807006836,88.40092165898618,105.0,0.14285714285714285,1.0
