run,episodes,reward_mean,reward_std,length_mean,length_std,lines_mean,lines_std
tetris-a2c-explorer-7,31,3.39989746257823,0.5387154666204788,86.61290322580645,10.246459926903803,0.0967741935483871,0.29565004483586066
tetris-a2c-survivor-7,31,3.4433273884557907,0.5144072256396693,72.84677419354838,8.888234661653817,0.056451612903225805,0.2307917422782933
